,sample,sampleType,fishID,site,weight.g,length.cm,gutWeight.g,sex,wild_or_F2,extractionID,LF1_RF1,RF1_strength,LF1_IR1,IR1_strength,genotype,pcrGenotypeDate,sequencingRun,notes,reads.in,reads.out,derepF,derepR,merged,nochim,prop.retained,chl_abundance,is.neg
KLF_29,KLF_29,gut,29,Scorton Creek,4.1277,7,0.2874,M,wild,29,0,none,1,faint,intact,3/12/21,Run1,,143942,112765,112636,112652,111917,111220,0.77267232635367,0.000269735659054127,FALSE
KLF_18,KLF_18,gut,18,Scorton Creek,1.2576,4.4,0.1232,M,wild,18,0,none,1,bright,intact,3/12/21,Run1,,124538,98620,98487,98469,96980,95658,0.768102908349259,9.40851784482218e-05,FALSE
KLF_47,KLF_47,gut,47,New Bedford Harbor,3.357,6.5,0.3209,M,wild,47,0,none,0,none,none,7/28/21,Run1,,83295,55926,55790,55790,51779,50514,0.606446965604178,0.0102545828879123,FALSE
KLF_14,KLF_14,gut,14,Scorton Creek,1.611,5.3,0.0904,M,wild,14,1,bright,1,bright,het,3/12/21,Run1,,123968,96358,95688,95680,94030,92838,0.748886809499226,0.00286520605786424,FALSE
KLF_23,KLF_23,gut,23,Scorton Creek,3.4151,6.8,0.1423,M,wild,23,1,bright,1,bright,het,3/12/21,Run1,,134075,104045,103939,103733,102158,99461,0.741831064702592,0.0018901881139341,FALSE
KLF_238,KLF_238,gut,238,New Bedford Harbor,4.498,5.8,NA,,F2,,NA,,NA,,,,Run2,,169562,147200,146942,147018,145551,143927,0.848816362156615,0.0777616430551599,FALSE
KLF_78,KLF_78,gut,78,New Bedford Harbor,2.174,6,0.1128,M,wild,78,1,medium,1,medium,het,3/12/21,Run1,,118956,93872,92567,92437,90475,88202,0.741467433336696,0.00278905240243985,FALSE
KLF_56,KLF_56,gut,56,New Bedford Harbor,2.787,6.1,0.1061,M,wild,56,1,medium,1,bright,het,3/12/21,Run1,,91178,73992,73654,73671,73127,72971,0.800313672157757,0.00738649600526236,FALSE
KLF_48,KLF_48,gut,48,New Bedford Harbor,3.927,6.9,0.3298,M,wild,48,1,medium,1,medium,het,3/11/21,Run1,,112608,88157,86659,86524,84417,83935,0.745373330491617,0.00569488294513612,FALSE
KLF_236,KLF_236,gut,236,New Bedford Harbor,3.122,5,NA,,F2,,NA,,NA,,,,Run2,,119353,104143,103914,103900,102997,102194,0.856233190619423,0.0767755445525178,FALSE
KLF_32,KLF_32,gut,32,Scorton Creek,2.652,6.2,0.1439,M,wild,32,1,faint,1,faint,het,3/12/21,Run1,,154657,121676,121311,121330,119086,112667,0.72849596203211,0,FALSE
KLF_202,KLF_202,gut,202,New Bedford Harbor,3.807,5.4,0.174,M,F2,,NA,,NA,,,,Run2,,152463,129982,129858,129863,129273,128888,0.845372319841535,0.0700065172863261,FALSE
KLF_214,KLF_214,gut,214,New Bedford Harbor,2.726,5.3,NA,M,F2,,NA,,NA,,,,Run2,,219805,180468,180328,180245,177432,175722,0.799444962580469,0.0769852380464598,FALSE
KLF_212,KLF_212,gut,212,New Bedford Harbor,5.121,5.9,0.32,M,F2,,NA,,NA,,,,Run2,,128567,108600,108482,108523,108269,108090,0.840728958441902,0.0574058654824683,FALSE
KLF_12,KLF_12,gut,12,Scorton Creek,6.881,8.2,0.3129,M,wild,12,0,none,0,none,none,7/28/21,Run1,,131286,96175,95907,96064,95626,95395,0.726619746202946,0.00160385764453064,FALSE
KLF_227,KLF_227,gut,227,New Bedford Harbor,5.682,5.7,NA,,F2,,NA,,NA,,,,Run2,,121201,104681,104288,104356,102174,98629,0.813763912839003,0.0178040941305296,FALSE
KLF_114,KLF_114,gut,114,Scorton Creek,7.881,7,0.36,M,F2,,NA,,NA,,,,Run2,,81794,67967,67815,67782,67322,67300,0.822798738293762,0.0708469539375929,FALSE
KLF_SC_water_1,KLF_SC_water_1,water,NA,Scorton Creek,NA,NA,NA,M,water,SC_water_1,NA,,NA,,,,Run1,,143788,110429,106134,106179,100821,93139,0.647752246362701,0.0274965374332986,FALSE
KLF_52,KLF_52,gut,52,New Bedford Harbor,3.053,6.1,0.2807,M,wild,52,0,none,1,medium,intact,3/12/21,Run1,,105283,87268,86276,86276,84789,84490,0.802503728047263,0.0596638655462185,FALSE
KLF_19,KLF_19,gut,19,Scorton Creek,2.453,5.7,0.2006,M,wild,19,0,none,0,none,none,3/12/21,Run1,,122984,100254,100070,100023,98183,95487,0.776418070643336,0.00340360467917099,FALSE
KLF_58,KLF_58,gut,58,New Bedford Harbor,2.838,6.2,0.1996,M,wild,58,0,none,2,bright,intact,3/12/21,Run1,,106478,88505,87286,87391,83167,78493,0.737175754615977,0.184551488667779,FALSE
KLF_234,KLF_234,gut,234,New Bedford Harbor,3.899,5.5,NA,,F2,,NA,,NA,,,,Run2,,124748,106508,106388,106437,105532,105468,0.84544842402283,0.156540372435241,FALSE
KLF_105,KLF_105,gut,105,Scorton Creek,2.279,4.2,0.129,F,F2,,NA,,NA,,,,Run2,,148810,126057,125914,125953,125427,125119,0.840796989449634,0.0450131474835956,FALSE
KLF_51,KLF_51,gut,51,New Bedford Harbor,2.387,5.8,0.2095,M,wild,51,1,medium,0,none,homo,3/12/21,Run1,,62288,49650,49003,48991,48120,48120,0.772540457230927,0.114027431421446,FALSE
KLF_107,KLF_107,gut,107,Scorton Creek,2.652,5.6,0.132,M,F2,,NA,,NA,,,,Run2,,135341,115099,114983,114988,114320,113227,0.836605315462425,0.0739399613166471,FALSE
KLF_26,KLF_26,gut,26,Scorton Creek,2.2017,5.8,0.1231,M,wild,26,1,faint,1,medium,het,3/12/21,Run1,,115958,91811,91699,91624,90641,89741,0.773909518963763,0.000445727148126275,FALSE
KLF_75,KLF_75,gut,75,New Bedford Harbor,1.805,5.3,0.0893,M,wild,75,0,none,1,bright,intact,3/12/21,Run1,,105355,83396,79787,79899,76222,74241,0.704674671349248,0.0154900930752549,FALSE
KLF_37,KLF_37,gut,37,Scorton Creek,2.4972,6,0.0894,M,wild,37,1,bright,1,bright,het,3/12/21,Run2,re-sequenced,143582,109805,109538,109458,107728,100608,0.700700644927637,0.000168972646310433,FALSE
KLF_235,KLF_235,gut,235,New Bedford Harbor,4.606,5.7,NA,,F2,,NA,,NA,,,,Run2,,72754,63831,63680,63740,62790,61409,0.844063556642934,0.0148512433030989,FALSE
KLF_209,KLF_209,gut,209,New Bedford Harbor,9.068,6.5,0.49,M,F2,,NA,,NA,,,,Run2,,106102,88092,87945,87976,87265,86715,0.817279598876553,0.05164043129793,FALSE
KLF_205,KLF_205,gut,205,New Bedford Harbor,6.457,7,0.505,M,F2,,NA,,NA,,,,Run2,,78740,66384,66272,66285,65855,65553,0.83252476504953,0.0551309627324455,FALSE
KLF_35,KLF_35,gut,35,Scorton Creek,2.4351,5.9,0.1549,M,wild,35,0,none,1,bright,intact,3/12/21,Run2,re-sequenced,158973,126613,126170,125896,102187,99116,0.623476942625477,8.07135074054643e-05,FALSE
KLF_43,KLF_43,gut,43,New Bedford Harbor,1.459,5.1,0.1105,M,wild,43,1,faint,0,none,homo,3/11/21,Run1,,109175,82624,81598,81545,80234,79274,0.726118616899473,0.264323737921639,FALSE
KLF_110,KLF_110,gut,110,Scorton Creek,2.316,4.7,NA,M,F2,,NA,,NA,,,,Run2,,78594,66975,66869,66856,66627,66267,0.843155966104283,0.0615691067952375,FALSE
KLF_22,KLF_22,gut,22,Scorton Creek,2.6327,5.8,0.1728,M,wild,22,1,medium,1,medium,het,3/12/21,Run1,,110163,85909,85729,85694,84684,84008,0.762579087352378,0.000345205218550614,FALSE
KLF_54,KLF_54,gut,54,New Bedford Harbor,2.73,6.3,0.1701,M,wild,54,0,none,2,bright,intact,3/12/21,Run1,,87893,75936,75287,75298,73635,70959,0.80733391737681,0.383038092419566,FALSE
KLF_71,KLF_71,gut,71,New Bedford Harbor,2.578,6,0.1601,M,wild,71,1,bright,2,bright,het,3/12/21,Run1,,121516,94801,93154,93293,90578,88998,0.732397379768919,0.089406503516933,FALSE
KLF_222,KLF_222,gut,222,New Bedford Harbor,3.871,6.6,NA,M,F2,,NA,,NA,,,,Run2,,120733,103500,103284,103425,102890,102587,0.849701407237458,0.0585259340852155,FALSE
KLF_103,KLF_103,gut,103,Scorton Creek,2.279,4.8,0.222,F,F2,,NA,,NA,,,,Run2,,112899,96940,96730,96691,95812,94810,0.839777145944605,0.0750870161375382,FALSE
KLF_1,KLF_1,gut,1,Scorton Creek,2.11,5.8,0.104,M,wild,1,1,faint,1,faint,het,3/11/21,Run1,,145010,113475,113131,113100,111305,109186,0.752954968622854,0.00089755096807283,FALSE
KLF_21,KLF_21,gut,21,Scorton Creek,3.1394,6.3,0.28,M,wild,21,1,faint,1,faint,het,3/12/21,Run1,,129839,103026,102920,102910,101920,101195,0.779388319380155,0.000177874400909136,FALSE
KLF_5,KLF_5,gut,5,Scorton Creek,2.709,6.2,0.0646,M,wild,5,1,bright,1,bright,het,3/11/21,Run1,,143929,114634,113194,113204,110628,108435,0.753392297591173,0.00762668879974178,FALSE
KLF_15,KLF_15,gut,15,Scorton Creek,1.639,5.3,0.0765,M,wild,15,1,bright,1,bright,het,3/12/21,Run1,,130082,102366,102087,102112,100824,100049,0.769122553466275,0,FALSE
KLF_224,KLF_224,gut,224,New Bedford Harbor,3.817,5.2,NA,,F2,,NA,,NA,,,,Run2,,135058,115546,115447,115457,114843,114543,0.848102296791008,0.109600761286155,FALSE
KLF_7,KLF_7,gut,7,Scorton Creek,2.36,6.2,0.124,M,wild,7,1,bright,1,bright,het,3/11/21,Run1,,133239,102049,101682,101859,100770,100073,0.751078888313482,0,FALSE
KLF_2,KLF_2,gut,2,Scorton Creek,2.74,6,0.115,M,wild,2,1,medium,1,bright,het,3/11/21,Run1,,151674,121820,120407,120348,117492,115539,0.761758772103327,0.0157349466413938,FALSE
KLF_10,KLF_10,gut,10,Scorton Creek,3.888,6.8,0.3835,M,wild,10,0,none,0,none,none,7/28/21,Run1,,147783,119702,119354,119394,116355,105753,0.715596516514078,0.000321503881686572,FALSE
KLF_207,KLF_207,gut,207,New Bedford Harbor,2.847,5,0.2,M,F2,,NA,,NA,,,,Run2,,135796,112487,112374,112287,111262,111219,0.819015287637338,0.187369064638236,FALSE
KLF_46,KLF_46,gut,46,New Bedford Harbor,3.392,6.6,0.2717,M,wild,46,1,faint,2,faint,het,3/11/21,Run1,,78410,60506,60009,60140,58598,58243,0.742800663180717,0.220696049310647,FALSE
KLF_77,KLF_77,gut,77,New Bedford Harbor,3.152,6.5,0.1135,M,wild,77,0,none,2,bright,intact,3/12/21,Run1,,119870,98167,97364,97473,95996,94885,0.79156586301827,0.670253464720451,FALSE
KLF_17,KLF_17,gut,17,Scorton Creek,4.221,7.4,0.1527,M,wild,17,1,medium,1,bright,het,3/12/21,Run1,,130915,101123,100772,100848,99581,98075,0.749150211969599,0.00219219984705582,FALSE
KLF_217,KLF_217,gut,217,New Bedford Harbor,3.56,5.3,NA,M,F2,,NA,,NA,,,,Run2,,148596,127861,127719,127759,126881,125917,0.847378125925328,0.0768204452139108,FALSE
KLF_39,KLF_39,gut,39,Scorton Creek,4.0231,6.9,0.2432,M,wild,39,1,bright,0,none,homo,7/28/21,Run2,re-sequenced,108470,87983,87924,87915,87318,86990,0.801972895731539,0.000160938038855041,FALSE
KLF_44,KLF_44,gut,44,New Bedford Harbor,1.669,5.3,0.1028,M,wild,44,0,none,2,bright,intact,3/11/21,Run1,,79939,63288,62597,62740,60670,60376,0.755275897872127,0.0218298661719889,FALSE
KLF_16,KLF_16,gut,16,Scorton Creek,2.317,6,0.0971,M,wild,16,0,none,1,bright,intact,3/12/21,Run1,,135473,89397,89044,88992,87798,87178,0.643508300546973,0.000676776250888986,FALSE
KLF_233,KLF_233,gut,233,New Bedford Harbor,3.187,5,NA,,F2,,NA,,NA,,,,Run2,,118742,100615,100353,100424,99713,99567,0.838515436829429,0.118603553386162,FALSE
KLF_101,KLF_101,gut,101,Scorton Creek,8.348,7.1,0.46,F,F2,,NA,,NA,,,,Run2,,162793,135555,135034,135085,133472,132225,0.812227798492564,0.109669124598223,FALSE
KLF_213,KLF_213,gut,213,New Bedford Harbor,13.867,8.1,NA,M,F2,,NA,,NA,,,,Run2,,139016,117647,117564,117545,117047,116333,0.83683173159924,0.0235444800701435,FALSE
KLF_232,KLF_232,gut,232,New Bedford Harbor,2.984,4.8,NA,,F2,,NA,,NA,,,,Run2,,130178,109109,108874,108911,107979,107221,0.823649157307686,0.11359714981207,FALSE
KLF_230,KLF_230,gut,230,New Bedford Harbor,4.865,5.7,NA,,F2,,NA,,NA,,,,Run2,,114736,98395,98267,98334,97503,96516,0.841200669362711,0.0138008205893323,FALSE
KLF_74,KLF_74,gut,74,New Bedford Harbor,2.116,5.7,0.1691,M,wild,74,1,medium,1,faint,het,7/28/21,Run1,,134808,103850,102692,102697,95925,84290,0.625259628508694,0.0119705777672322,FALSE
KLF_38,KLF_38,gut,38,Scorton Creek,2.4662,6,0.0822,M,wild,38,1,bright,1,bright,het,3/12/21,Run2,re-sequenced,173700,136266,135878,135882,81972,81129,0.46706390328152,0.000431411702350577,FALSE
KLF_80,KLF_80,gut,80,New Bedford Harbor,3.606,7,0.1836,M,wild,80,0,none,1,bright,intact,3/12/21,Run1,,155903,108248,107431,107460,97867,93407,0.59913535980706,0.00453927435845279,FALSE
KLF_231,KLF_231,gut,231,New Bedford Harbor,4.554,5.6,NA,,F2,,NA,,NA,,,,Run2,,75008,62354,62183,62164,61569,60889,0.811766744880546,0.0940399743796088,FALSE
KLF_45,KLF_45,gut,45,New Bedford Harbor,2.229,5.8,0.1234,M,wild,45,1,bright,2,bright,het,3/11/21,Run1,,107240,83043,82023,82019,81284,80566,0.751268183513614,0.918377479333714,FALSE
KLF_102,KLF_102,gut,102,Scorton Creek,3.712,5.2,0.155,F,F2,,NA,,NA,,,,Run2,,102358,87572,87451,87435,86934,86259,0.842718693214014,0.0497919057721513,FALSE
KLF_113,KLF_113,gut,113,Scorton Creek,2.384,4.8,0.131,M,F2,,NA,,NA,,,,Run2,,97226,82796,82595,82588,81853,80739,0.830426017731882,0.0156182266314916,FALSE
KLF_20,KLF_20,gut,20,Scorton Creek,5.282,7.6,0.5181,M,wild,20,0,none,0,none,none,7/28/21,Run1,,93211,72827,72694,72697,71803,71731,0.769555095428651,0.0144707309252624,FALSE
KLF_33,KLF_33,gut,33,Scorton Creek,3.7549,6.9,0.2988,M,wild,33,0,none,1,faint,intact,3/12/21,Run2,re-sequenced,98905,76870,76653,76671,75531,74591,0.754168141145544,6.70322156828572e-05,FALSE
KLF_200,KLF_200,gut,200,New Bedford Harbor,4.046,5.5,0.224,M,F2,,NA,,NA,,,,Run2,,132580,110650,110402,110497,109708,108718,0.82001810227787,0.154638606302544,FALSE
KLF_NBH_water_2,KLF_NBH_water_2,water,NA,New Bedford Harbor,NA,NA,NA,M,water,NBH_water_2,NA,,NA,,,,Run1,,163123,132100,127445,127685,122794,114982,0.704879140280647,0.470569306500148,FALSE
KLF_241,KLF_241,gut,241,New Bedford Harbor,2.535,4.8,NA,,F2,,NA,,NA,,,,Run2,,150709,133046,132673,132947,132126,131371,0.871686495166181,0.0286973532971508,FALSE
KLF_208,KLF_208,gut,208,New Bedford Harbor,6.774,6.9,0.358,M,F2,,NA,,NA,,,,Run2,,135243,114046,113795,113716,112540,110963,0.820471299808493,0.0826311473193767,FALSE
KLF_220,KLF_220,gut,220,New Bedford Harbor,4.774,6.4,NA,M,F2,,NA,,NA,,,,Run2,,96208,84055,83944,83963,83652,83352,0.866372858805921,0.0537839523946636,FALSE
KLF_70,KLF_70,gut,70,New Bedford Harbor,3.664,6.7,0.2245,M,wild,70,1,medium,2,bright,het,3/12/21,Run1,,121672,102154,101175,101147,96754,86809,0.713467354855678,0.198101579329332,FALSE
KLF_229,KLF_229,gut,229,New Bedford Harbor,4.202,5.6,NA,,F2,,NA,,NA,,,,Run2,,81655,69661,69546,69564,69062,68766,0.842152960627028,0.0646976703603525,FALSE
KLF_28,KLF_28,gut,28,Scorton Creek,4.1711,7.1,0.184,M,wild,28,1,medium,1,faint,het,3/12/21,Run1,,97825,77077,76725,76765,75532,74277,0.759284436493739,0.00131938554330412,FALSE
KLF_203,KLF_203,gut,203,New Bedford Harbor,2.957,5.1,0.267,M,F2,,NA,,NA,,,,Run2,,121657,104159,103962,104069,103570,103480,0.850588128919832,0.088838422883649,FALSE
KLF_210,KLF_210,gut,210,New Bedford Harbor,5.008,6,0.395,M,F2,,NA,,NA,,,,Run2,,132136,111880,111701,111687,110398,108955,0.824567112671793,0.045532559313478,FALSE
KLF_4,KLF_4,gut,4,Scorton Creek,3.29,6.5,0.1416,M,wild,4,0,none,1,bright,intact,3/11/21,Run1,,145733,114327,114011,114038,112555,110313,0.756952783515058,0.00104248819268808,FALSE
KLF_40,KLF_40,gut,40,Scorton Creek,2.897,6.5,0.11,M,wild,40,1,bright,1,bright,het,3/21/21,Run2,re-sequenced,188108,129325,128868,129124,95934,95680,0.508643970485041,0,FALSE
KLF_67,KLF_67,gut,67,New Bedford Harbor,2.008,5.6,0.1325,M,wild,67,1,medium,2,bright,het,3/12/21,Run1,,164107,130121,128529,128414,125306,121895,0.742777578043593,0.00268263669551663,FALSE
KLF_NBH_water_1,KLF_NBH_water_1,water,NA,New Bedford Harbor,NA,NA,NA,M,water,NBH_water_1,0,none,0,none,,3/12/21,Run1,,145766,110276,105563,105895,101137,97490,0.668811657039365,0.104974869217356,FALSE
KLF_201,KLF_201,gut,201,New Bedford Harbor,6.922,6.6,NA,M,F2,,NA,,NA,,,,Run2,,129605,109727,109666,109692,109253,108897,0.840222213649165,0.0544000293855662,FALSE
KLF_73,KLF_73,gut,73,New Bedford Harbor,2.127,5.9,0.1326,M,wild,73,1,bright,1,bright,het,3/12/21,Run1,,134522,101120,98053,98355,94834,90944,0.676052987615409,0.0438071780436312,FALSE
KLF_221,KLF_221,gut,221,New Bedford Harbor,5.141,6,NA,M,F2,,NA,,NA,,,,Run2,,115252,99904,99759,99797,99111,98340,0.85326068094263,0.0464510880618263,FALSE
KLF_79,KLF_79,gut,79,New Bedford Harbor,1.838,5.5,0.0725,M,wild,79,1,bright,1,bright,het,3/12/21,Run1,,122802,99585,99062,99070,95669,92191,0.750728815491604,0.0052608172164311,FALSE
KLF_243,KLF_243,gut,243,New Bedford Harbor,3.75,5.5,NA,,F2,,NA,,NA,,,,Run2,,101893,86257,86113,86111,85165,83963,0.824031091439059,0.0903493205340448,FALSE
KLF_106,KLF_106,gut,106,Scorton Creek,2.807,5.1,0.172,M,F2,,NA,,NA,,,,Run2,,87538,74069,73858,73834,73296,72988,0.83378646987594,0.0438565243601688,FALSE
KLF_64,KLF_64,gut,64,New Bedford Harbor,2.51,6.1,0.2049,M,wild,64,0,none,1,bright,intact,3/12/21,Run1,,69808,56429,55415,55355,53008,50670,0.725848040339216,0.00864416814683244,FALSE
KLF_66,KLF_66,gut,66,New Bedford Harbor,2.626,6.1,0.1796,M,wild,66,1,medium,1,bright,het,3/12/21,Run1,,139979,115664,113358,113644,107867,101518,0.725237357032126,0.154967591954136,FALSE
KLF_59,KLF_59,gut,59,New Bedford Harbor,2.283,6.1,0.1221,M,wild,59,1,medium,1,medium,het,3/12/21,Run1,,87868,71920,69903,69780,65630,58030,0.660422451859608,0.120489402033431,FALSE
KLF_76,KLF_76,gut,76,New Bedford Harbor,3.338,6.2,0.341,M,wild,76,0,none,1,bright,intact,3/12/21,Run1,,125751,106685,106238,106262,101845,93643,0.744670022504791,0.00573454502739126,FALSE
KLF_104,KLF_104,gut,104,Scorton Creek,3.557,5.4,0.278,F,F2,,NA,,NA,,,,Run2,,125429,104315,103994,104081,103051,103051,0.821588308923774,0.0906153263917866,FALSE
KLF_237,KLF_237,gut,237,New Bedford Harbor,3.671,5.5,NA,,F2,,NA,,NA,,,,Run2,,75976,67080,66940,66975,66603,66083,0.869787827735074,0.0250442625183481,FALSE
KLF_240,KLF_240,gut,240,New Bedford Harbor,4.187,5.7,NA,,F2,,NA,,NA,,,,Run2,,112901,98247,98130,98123,97677,96926,0.858504353371538,0.0248333780409797,FALSE
KLF_225,KLF_225,gut,225,New Bedford Harbor,6.116,6.4,NA,,F2,,NA,,NA,,,,Run2,,120997,103600,103514,103462,102654,102654,0.848401200029753,0.0681317824926452,FALSE
KLF_218,KLF_218,gut,218,New Bedford Harbor,5.262,6.1,NA,M,F2,,NA,,NA,,,,Run2,,136718,119792,119525,119659,118477,117253,0.857626647551895,0.0239141002788841,FALSE
KLF_72,KLF_72,gut,72,New Bedford Harbor,1.739,5.5,0.0875,M,wild,72,1,bright,2,bright,het,3/12/21,Run1,,131824,105454,102810,103279,94918,91152,0.691467411093579,0.00223802001053186,FALSE
KLF_27,KLF_27,gut,27,Scorton Creek,1.8794,5.5,0.1211,M,wild,27,1,medium,1,medium,het,3/12/21,Run1,,122109,97840,97744,97738,97239,96562,0.790785282002146,0,FALSE
KLF_216,KLF_216,gut,216,New Bedford Harbor,2.451,5.1,NA,M,F2,,NA,,NA,,,,Run2,,86881,73961,73868,73820,73494,73119,0.841599429104177,0.0328915876858272,FALSE
KLF_57,KLF_57,gut,57,New Bedford Harbor,4.52,7,0.4159,M,wild,57,1,faint,0,none,homo,7/28/21,Run1,,82674,64924,64642,64500,63613,63613,0.769443839659385,0.153333438133715,FALSE
KLF_69,KLF_69,gut,69,New Bedford Harbor,4.122,7.2,0.2632,M,wild,69,1,faint,1,faint,het,3/12/21,Run1,,143400,116476,115056,115156,111767,109168,0.761283124128312,0.00583504323611315,FALSE
KLF_50,KLF_50,gut,50,New Bedford Harbor,1.805,5.5,0.1459,M,wild,50,1,medium,1,bright,het,3/11/21,Run1,,87949,72127,71470,71397,69887,69734,0.792891334750822,0.025611609831646,FALSE
KLF_41,KLF_41,gut,41,New Bedford Harbor,2.143,5.6,0.1254,M,wild,41,1,faint,1,faint,het,3/11/21,Run1,,107202,83553,83284,83288,82305,82305,0.767756198578385,0.56838588178118,FALSE
KLF_242,KLF_242,gut,242,New Bedford Harbor,5.142,5.7,NA,,F2,,NA,,NA,,,,Run2,,114891,96015,95799,95779,94571,93175,0.810986065052963,0.146884894016635,FALSE
KLF_60,KLF_60,gut,60,New Bedford Harbor,1.8426,5.5,0.1361,M,wild,60,1,medium,2,bright,het,3/12/21,Run1,,57801,45925,44096,44094,40329,36571,0.632705316517015,0.0165158185447486,FALSE
KLF_62,KLF_62,gut,62,New Bedford Harbor,1.905,5.5,0.1345,M,wild,62,1,bright,1,bright,het,3/12/21,Run1,,76382,62828,61772,61847,60014,58024,0.759655416197533,0.0279367158417207,FALSE
KLF_36,KLF_36,gut,36,Scorton Creek,4.0788,7,0.1677,M,wild,36,1,bright,0,none,homo,7/28/21,Run1,,265264,220352,220266,220060,215707,214920,0.810211713613608,0.000386190210310813,FALSE
KLF_42,KLF_42,gut,42,New Bedford Harbor,1.355,5,0.0895,M,wild,42,1,bright,2,bright,het,3/11/21,Run1,,117645,99112,98679,98657,93845,93736,0.796769943474011,0.0221579755910216,FALSE
KLF_65,KLF_65,gut,65,New Bedford Harbor,1.914,5.5,0.0997,M,wild,65,1,none,1,bright,het,3/12/21,Run1,,153330,126877,125651,125716,120262,108969,0.710682840931325,0.015793482550083,FALSE
KLF_244,KLF_244,gut,244,New Bedford Harbor,14.075,8.1,NA,,F2,,NA,,NA,,,,Run2,,98451,75736,75301,75668,73207,72511,0.736518674264355,0.339010632869496,FALSE
KLF_13,KLF_13,gut,13,Scorton Creek,4.451,7.3,0.1752,M,wild,13,0,none,1,bright,intact,3/12/21,Run1,,141717,110633,110282,110352,108728,104710,0.738866896702583,0.000296055773087575,FALSE
KLF_215,KLF_215,gut,215,New Bedford Harbor,3.564,5.8,NA,M,F2,,NA,,NA,,,,Run2,,97146,80504,80366,80344,79986,79743,0.820857266382558,0.0464993792558594,FALSE
KLF_SC_water_2,KLF_SC_water_2,water,NA,Scorton Creek,NA,NA,NA,M,water,SC_water_2,NA,,NA,,,,Run1,,120793,91306,86989,87569,82647,73894,0.61174074656644,0.039150675291634,FALSE
KLF_206,KLF_206,gut,206,New Bedford Harbor,6.863,6.3,0.39,M,F2,,NA,,NA,,,,Run2,,80259,66406,66253,66239,65467,65340,0.814114304937764,0.0962044689317417,FALSE
KLF_228,KLF_228,gut,228,New Bedford Harbor,5.055,5.7,NA,,F2,,NA,,NA,,,,Run2,,109211,90108,89952,89949,89205,88781,0.812930931865838,0.21734380103851,FALSE
KLF_34,KLF_34,gut,34,Scorton Creek,1.39,5,0.0992,M,wild,34,1,medium,1,bright,het,3/12/21,Run2,re-sequenced,120323,95808,95730,95738,90949,90446,0.751693358709474,0,FALSE
KLF_226,KLF_226,gut,226,New Bedford Harbor,5.269,5.9,NA,,F2,,NA,,NA,,,,Run2,,103348,87974,87886,87913,87083,85878,0.830959476719433,0.00627634551340273,FALSE
KLF_6,KLF_6,gut,6,Scorton Creek,2.5,6.3,0.0942,M,wild,6,1,bright,1,bright,het,3/11/21,Run1,,116235,89344,89125,89013,88601,88262,0.759340990235299,0.000192608370533185,FALSE
KLF_219,KLF_219,gut,219,New Bedford Harbor,4.692,6,NA,M,F2,,NA,,NA,,,,Run2,,114854,100123,100015,100006,99525,99024,0.862172845525624,0.0401417838099855,FALSE
KLF_30,KLF_30,gut,30,Scorton Creek,1.8199,5.6,0.0833,M,wild,30,1,bright,1,bright,het,3/12/21,Run1,,123662,96032,95644,95651,93830,88730,0.717520337694684,9.01611630790037e-05,FALSE
KLF_11,KLF_11,gut,11,Scorton Creek,4.33,7,0.345,M,wild,11,1,very faint,0,none,homo,7/28/21,Run1,,158519,126224,126095,126078,125549,123904,0.781635009052543,9.6849173553719e-05,FALSE
KLF_239,KLF_239,gut,239,New Bedford Harbor,3.577,5.2,NA,,F2,,NA,,NA,,,,Run2,,92205,78988,78892,78880,78443,78203,0.848142725448728,0.0482334437297802,FALSE
KLF_31,KLF_31,gut,31,Scorton Creek,3.6322,6.9,0.2955,M,wild,31,0,none,0,none,none,7/28/21,Run1,,127288,100543,100358,100372,98716,97344,0.764753943812457,0.0002465483234714,FALSE
KLF_3,KLF_3,gut,3,Scorton Creek,1.55,5.5,0.0804,M,wild,3,1,bright,1,bright,het,3/11/21,Run1,,122301,100227,100046,100072,99452,97272,0.795349179483406,3.08413520848754e-05,FALSE
KLF_53,KLF_53,gut,53,New Bedford Harbor,1.847,5.4,0.1895,M,wild,53,1,medium,1,faint,het,3/12/21,Run1,,57135,48003,46840,46839,45118,44579,0.780239782970158,0.0102963278673815,FALSE
KLF_61,KLF_61,gut,61,New Bedford Harbor,2.679,6,0.1623,M,wild,61,1,bright,1,bright,het,3/12/21,Run1,,103735,82951,81740,81692,78838,75421,0.727054513905625,0.233065061455032,FALSE
KLF_68,KLF_68,gut,68,New Bedford Harbor,4.609,7.2,0.2079,M,wild,68,1,medium,2,bright,het,3/12/21,Run1,,90705,60829,60591,60408,57496,51052,0.562835565845323,0,FALSE
KLF_211,KLF_211,gut,211,New Bedford Harbor,2.454,4.9,0.245,M,F2,,NA,,NA,,,,Run2,,60862,50849,50724,50760,50552,50341,0.827133515165456,0.0687312528555253,FALSE
KLF_49,KLF_49,gut,49,New Bedford Harbor,2.1733,5.8,0.1851,M,wild,49,1,medium,1,medium,het,3/11/21,Run1,,74201,62537,62187,62261,61535,61515,0.829031953747254,0.516930829878891,FALSE
KLF_63,KLF_63,gut,63,New Bedford Harbor,4.296,7.5,0.2084,M,wild,63,1,bright,1,bright,het,3/12/21,Run1,,58154,43914,42950,42957,41444,41006,0.705127764212264,0.278154416426864,FALSE
KLF_24,KLF_24,gut,24,Scorton Creek,3.9204,7.1,0.1517,M,wild,24,1,medium,1,medium,het,3/12/21,Run1,,114081,93006,92855,92865,92053,85234,0.747135807014314,0,FALSE
KLF_100,KLF_100,gut,100,Scorton Creek,2.701,5.2,0.1816,F,F2,,NA,,NA,,,,Run2,,82120,69347,69223,69245,69001,68761,0.837323429128105,0.0197350242143075,FALSE
KLF_9,KLF_9,gut,9,Scorton Creek,3.589,6.6,0.3448,M,wild,9,0,none,0,none,none,7/28/21,Run1,,141274,108498,108305,108346,107721,107433,0.760458399988674,0.00672046764029674,FALSE
KLF_8,KLF_8,gut,8,Scorton Creek,2.32,5.9,0.166,M,wild,8,1,very faint,0,none,het,7/28/21,Run1,,141799,111958,111383,111313,109518,109109,0.769462408056474,0.00434427957363737,FALSE
KLF_109,KLF_109,gut,109,Scorton Creek,1.929,4.7,0.0507,M,F2,,NA,,NA,,,,Run2,,135776,113408,113253,113281,112581,111814,0.82351814753712,0.147280304791887,FALSE
KLF_55,KLF_55,gut,55,New Bedford Harbor,4.482,7.2,0.3797,M,wild,55,0,none,0,none,none,7/28/21,Run1,,77976,58225,58149,58121,57981,57981,0.743574946137273,0.00722650523447336,FALSE
KLF_25,KLF_25,gut,25,Scorton Creek,3.566,6.7,0.2184,M,wild,25,1,medium,0,none,homo,7/28/21,Run1,,147767,114405,114313,114290,112905,108900,0.736971042248946,0,FALSE
KLF_204,KLF_204,gut,204,New Bedford Harbor,3.367,5.1,0.244,M,F2,,NA,,NA,,,,Run2,,124898,107030,106911,106944,106429,106103,0.849517206040129,0.0893000197920888,FALSE
KLF_111,KLF_111,gut,111,Scorton Creek,3.596,5.5,NA,M,F2,,NA,,NA,,,,Run2,,90104,75893,75271,75251,73938,73127,0.811584391369973,0.103819382717738,FALSE
KLF_108,KLF_108,gut,108,Scorton Creek,1.6,3.9,0.058,M,F2,,NA,,NA,,,,Run2,,149888,122223,121258,121824,119224,116826,0.779421968403074,0.277849108931231,FALSE
KLF_112,KLF_112,gut,112,Scorton Creek,3.287,5.3,0.222,M,F2,,NA,,NA,,,,Run2,,101823,86086,85993,85987,85777,85707,0.841725346925547,0.0612902096678218,FALSE
